asu,asu.mp3,DengAyup
pusa,pusa.mp3,DengAyup
babi,babi.mp3,DengAyup
damulag,damulag.mp3,DengAyup
kambing,kambing.mp3,DengAyup
manuk,manuk.mp3,DengAyup
patu,patu.mp3,DengAyup
asan,asan.mp3,DengAyup
pabo,pabo.mp3,DengAyup
ayup,ayup.mp3,DengAyup
tau,tau.mp3,PamilyaamponTau
ima,ima.mp3,PamilyaamponTau
tatang,tatang.mp3,PamilyaamponTau
anak,anak.mp3,PamilyaamponTau
koya,koya.mp3,PamilyaamponTau
atsi,atsi.mp3,PamilyaamponTau
apu,apu.mp3,PamilyaamponTau
bapa,bapa.mp3,PamilyaamponTau
dara,dara.mp3,PamilyaamponTau
asawa,asawa.mp3,PamilyaamponTau
pamangan,pamangan.mp3,Pamangan
nasi,nasi.mp3,Pamangan
abyas,abyas.mp3,Pamangan
tinape,tinape.mp3,Pamangan
asin,asin.mp3,Pamangan
aslam,aslam.mp3,Pamangan
mayumu,mayumu.mp3,Pamangan
gule,gule.mp3,Pamangan
prutas,prutas.mp3,Pamangan
gatas,gatas.mp3,Pamangan
kule,kule.mp3,KuleamponPanguri
malutu,malutu.mp3,KuleamponPanguri
matuling,matuling.mp3,KuleamponPanguri
maputi,maputi.mp3,KuleamponPanguri
madilo,madilo.mp3,KuleamponPanguri
berdi,berdi.mp3,KuleamponPanguri
asul,asul.mp3,KuleamponPanguri
maragul,maragul.mp3,KuleamponPanguri
malati,malati.mp3,KuleamponPanguri
masanting,masanting.mp3,KuleamponPanguri
aldo,aldo.mp3,Kalikasan
bulan,bulan.mp3,Kalikasan
bituin,bituin.mp3,Kalikasan
uran,uran.mp3,Kalikasan
gabun,gabun.mp3,Kalikasan
banwa,banwa.mp3,Kalikasan
angin,angin.mp3,Kalikasan
ilug,ilug.mp3,Kalikasan
bunduk,bunduk.mp3,Kalikasan
dagat,dagat.mp3,Kalikasan
bale,bale.mp3,Gamit
pasbul,pasbul.mp3,Gamit
awang,awang.mp3,Gamit
lamesa,lamesa.mp3,Gamit
luklukan,luklukan.mp3,Gamit
pinggan,pinggan.mp3,Gamit
basu,basu.mp3,Gamit
kutsara,kutsara.mp3,Gamit
payung,payung.mp3,Gamit
dutung,dutung.mp3,Gamit
mangan,mangan.mp3,DengGalo
minum,minum.mp3,DengGalo
matudtud,matudtud.mp3,DengGalo
lumakad,lumakad.mp3,DengGalo
mamulayi,mamulayi.mp3,DengGalo
tumerak,tumerak.mp3,DengGalo
magkanta,magkanta.mp3,DengGalo
sumulat,sumulat.mp3,DengGalo
mamasa,mamasa.mp3,DengGalo
muli,muli.mp3,DengGalo
buntuk,buntuk.mp3,DengDakeningKatawan
buak,buak.mp3,DengDakeningKatawan
mata,mata.mp3,DengDakeningKatawan
arung,arung.mp3,DengDakeningKatawan
asbuk,asbuk.mp3,DengDakeningKatawan
balugbug,balugbug.mp3,DengDakeningKatawan
gamat,gamat.mp3,DengDakeningKatawan
bitis,bitis.mp3,DengDakeningKatawan
ipan,ipan.mp3,DengDakeningKatawan
dila,dila.mp3,DengDakeningKatawan
metung,metung.mp3,BilangamponAliwapa
adwa,adwa.mp3,BilangamponAliwapa
atlu,atlu.mp3,BilangamponAliwapa
apat,apat.mp3,BilangamponAliwapa
lima,lima.mp3,BilangamponAliwapa
anam,anam.mp3,BilangamponAliwapa
pitu,pitu.mp3,BilangamponAliwapa
walu,walu.mp3,BilangamponAliwapa
siyam,siyam.mp3,BilangamponAliwapa
apulu,apulu.mp3,BilangamponAliwapa